id,created_at,start_at,end_at,address,title,dao_name,author_address,token_address,network_name,token_symbol,vote_start_at
23,2022-06-30 16:56:00+00,2022-06-30 16:56:00+00,2022-07-02 23:34:00+00,0xbb5862b3c633269d2eb10188052d1f575b5971ad,,,0x7B15427393A98A041D00b50254A0C7a6fDC79F4E,0x02784227f38639e84ba2C71DCC68786b1DCEFFD8,polygon,joke19,
24,2022-08-02 15:02:56.396+00,2022-07-28 12:12:00+00,2022-07-29 16:30:00+00,0xe7161Bde2EceB87eB64A9351E42C79b18A949F2f,jokerace 22: pleasrdao,,0x7B15427393A98A041D00b50254A0C7a6fDC79F4E,0xEcebd20416b181198B4236A4a220e2220098958c,polygon,joke22,2022-07-29 16:00:00+00
25,2022-08-02 15:09:04.575+00,2022-07-13 09:41:00+00,2022-07-15 16:30:00+00,0x37f96dA8fB0c0634FB76D146C6d5E41a7f322573,jokerace 21: developerdao edition,,0x7B15427393A98A041D00b50254A0C7a6fDC79F4E,0x306A44B1A210853aA02feF7827E223e73757f6fB,polygon,joke21,2022-07-15 16:00:00+00
26,2022-08-02 15:09:32.039+00,2022-07-07 12:42:00+00,2022-07-08 16:30:00+00,0xF7fbD509Fa646588608431122c4C03D0e653CC74,jokerace20,,0x7B15427393A98A041D00b50254A0C7a6fDC79F4E,0x6A5d43400edbeF9A2634cBA635048a16C8E4BD0e,polygon,joke20,2022-07-08 16:00:00+00
27,2022-08-02 15:10:01.214+00,2022-08-01 15:40:00+00,2022-08-01 17:38:00+00,0x6e16622b96F4697BC917b414CB62Bc111b58F3dc,ЯКА ПРОБЛЕМА ПОТРЕБУЄ ПЕРШОЧЕРГОВОГО ВИРІШЕННЯ?,,0x48bCbB128d94896573113dcf428E779014E864Cd,0x63182ce8Ac476c028B6a027f99047160FEfF4036,polygon,W3CK,2022-08-01 16:38:00+00
28,2022-08-02 15:10:54.348+00,2022-07-14 20:00:00+00,2022-07-15 23:00:00+00,0x3Aa9538c6aCD23526fF72f75A9b9160a275379C3,JUICY BUIDLY HACKATHON VOTING EXTRAVAGANZA,,0x30670D81E487c80b9EDc54370e6EaF943B6EAB39,0x3d6fb0b26BeD422A18F48622f1EfcCdafaAe6CF4,polygon,JBHT,2022-07-14 23:00:00+00
29,2022-08-02 15:12:35.736+00,2022-08-02 13:00:00+00,2022-08-05 16:00:00+00,0x76D1F4B6429eBb5E05450B31D79f3c12846d6d3D,Pick the Not Boring Essay Topic,,0x2920A3192613d8c42f21b64873dc0Ddfcbf018D4,0xFC9a0FD64f098335E1A6330526D1c6ec2B0e9EF1,polygon,NBESSAY,2022-08-03 16:00:00+00
30,2022-08-02 15:13:19.478+00,2022-06-15 20:30:00+00,2022-06-17 16:30:00+00,0x6E626d5e615FC930de0281e13a158E31fE8BF82b,jokerace 17,,0x7B15427393A98A041D00b50254A0C7a6fDC79F4E,0xFac39D2521E49ebc2EEe01B0d923bCc0f72C00ea,polygon,joke17,2022-06-17 16:00:00+00
31,2022-08-02 15:13:36.491+00,2022-06-16 18:55:33+00,2022-06-17 19:00:33+00,0xb6282EEd6eB2f611b76530Cf1B492bcffBC18243,MEV T-shirt Design Vote,,0xFf8D58f85a4f7199c4b9461F787cD456Ad30e594,0x97F9440463570231cd4beF63EAFF3aF40Ef6e3FC,polygon,PIINS,2022-06-16 19:00:33+00
32,2022-08-02 15:14:41.008+00,2022-06-10 16:00:00+00,2022-06-21 16:00:00+00,0x1e4D52b5FfD9Cc8B7c4f5d3c2acCB49E60Da51b6,MetricsDAO: Optimistic about Optimism?,,0x581BEf12967f06f2eBfcabb7504fA61f0326CD9A,0x71731A85c9E61b80faec9a59aaB4AFe0dc9ad3C3,optimism,jMETRICv1,2022-06-17 16:00:00+00
33,2022-08-02 15:15:46.959+00,2022-06-09 15:30:00+00,2022-06-10 16:30:00+00,0xa75F05Bb6648126062c7337FA72c0f347aBECC11,tell a goblin joke,,0x7B15427393A98A041D00b50254A0C7a6fDC79F4E,0x116c5760a1914f62C642837f57552249c1738a72,polygon,joke16,2022-06-10 16:00:00+00
34,2022-08-02 15:21:08.189+00,2022-06-06 16:47:25+00,2022-06-06 20:47:25+00,0x581b81e6807451fe17e4e897a306484d149d6299,What Should We Use JokeDAO For?,,0x581BEf12967f06f2eBfcabb7504fA61f0326CD9A,0xa0C5772dB4A032C9AFa6E7D0d52D72892B874058,optimism,JTEST,2022-06-06 18:47:25+00
35,2022-08-02 15:26:12.709+00,2022-06-02 12:00:00+00,2022-06-03 16:30:00+00,0x3aCD536121141BDA3E8C0910E21802DA5Be3fCae,jokerace 15,,0x7B15427393A98A041D00b50254A0C7a6fDC79F4E,0x64c4c577CC5468F0Fb8A5A9E0512c0796A9092b1,optimism,joke15,2022-06-03 16:00:00+00
36,2022-08-02 15:26:12.762+00,2022-06-02 12:00:00+00,2022-06-03 16:30:00+00,0x3aCD536121141BDA3E8C0910E21802DA5Be3fCae,jokerace 15,,0x7B15427393A98A041D00b50254A0C7a6fDC79F4E,0x64c4c577CC5468F0Fb8A5A9E0512c0796A9092b1,polygon,joke15,2022-06-03 16:00:00+00
37,2022-08-02 15:26:24.575+00,2022-05-05 16:00:00+00,2022-05-07 21:00:00+00,0x32C5aa694280ac808709C59A590500E60438e099,jokerace12,,0x7B15427393A98A041D00b50254A0C7a6fDC79F4E,0xa0C19798094407a413Bb34C1AE530E925F7EE270,polygon,joke12,2022-05-07 20:00:00+00
38,2022-08-02 15:26:32.934+00,2022-05-19 13:30:00+00,2022-05-20 16:30:00+00,0x1009b6C98956565B88fC9784A753D0b311f3b782,jokerace 14,,0x7B15427393A98A041D00b50254A0C7a6fDC79F4E,0x31D467cd493977d3550656C83f6B9726E129C30B,polygon,joke14,2022-05-20 16:00:00+00
39,2022-08-02 15:26:45.326+00,2022-05-12 16:30:00+00,2022-05-13 17:00:00+00,0x2195a860f0b08852Eea497758BFBEd3da7B3d148,joke13,,0x7B15427393A98A041D00b50254A0C7a6fDC79F4E,0xb9AD33B1d8062BDE9364Bb1d384298b522D9dDFf,polygon,joke13,2022-05-13 16:00:00+00
40,2022-08-02 15:26:55.253+00,2022-05-10 16:00:00+00,2022-05-12 16:00:00+00,0xfb3df2Dc5D86bf53Ddc7d1Eb59ff6724501cce26,consensus ticket giveaway,,0x7B15427393A98A041D00b50254A0C7a6fDC79F4E,0xE673EffcDDa586fE2BA08B315F376E78e50AaA6b,polygon,TIXX ,2022-05-11 16:00:00+00
41,2022-08-02 15:27:13.764+00,2022-04-28 16:00:00+00,2022-04-29 17:00:00+00,0xB54Ed1CBddFCCB8BF2E52fa7eB2530a54537143f,jokerace11,,0x7B15427393A98A041D00b50254A0C7a6fDC79F4E,0x496d7bfa75397b99c3a3289eA814B001bB69652F,polygon,jokerace11,2022-04-29 16:00:00+00
42,2022-08-02 15:32:03.351+00,2022-04-28 17:02:04+00,2022-04-28 23:02:04+00,0x96F6c5956FeCa42F0b2C6C6423cb642736B830fF,who is going w/ ellie to MR Proof of Love Finale?,,0x6C70e5FC4e4926CD836A6F8B0645Aa1A077fa605,0x20C7ce241aF18110a2Caa2ea0ef522c5ECC00660,arbitrumone,EVR2,2022-04-28 21:02:04+00
43,2022-08-02 15:32:03.458+00,2022-04-28 17:02:04+00,2022-04-28 23:02:04+00,0x96F6c5956FeCa42F0b2C6C6423cb642736B830fF,who is going w/ ellie to MR Proof of Love Finale?,,0x6C70e5FC4e4926CD836A6F8B0645Aa1A077fa605,0x20C7ce241aF18110a2Caa2ea0ef522c5ECC00660,optimism,EVR2,2022-04-28 21:02:04+00
44,2022-08-02 15:32:56.336+00,2022-04-21 10:00:00+00,2022-04-22 17:00:00+00,0x62a9F20697747173db27cD9011344b14203be9eE,jokerace10,,0x7B15427393A98A041D00b50254A0C7a6fDC79F4E,0x28CA7db21689d736b5f0E65ee1F567Cecd5c7016,arbitrumone,joke10,2022-04-22 16:00:00+00
45,2022-08-02 15:32:56.371+00,2022-04-21 10:00:00+00,2022-04-22 17:00:00+00,0x62a9F20697747173db27cD9011344b14203be9eE,jokerace10,,0x7B15427393A98A041D00b50254A0C7a6fDC79F4E,0x28CA7db21689d736b5f0E65ee1F567Cecd5c7016,polygon,joke10,2022-04-22 16:00:00+00
46,2022-08-02 15:33:26.783+00,2022-04-14 16:00:00+00,2022-04-15 17:00:00+00,0x7C20E1efE0bA1E168aD44Aecc66dab9dFe9c0bF4,jokerace9,,0xd698e31229aB86334924ed9DFfd096a71C686900,0x273f19c6240d26A2072B79F4948E2c1154a7722D,polygon,jokevote41522,2022-04-15 16:00:00+00
47,2022-08-02 15:33:38.228+00,2022-04-07 16:00:00+00,2022-04-08 17:00:00+00,0xe0e063aa7CF9A71aE8738FfE88bc6D80E0239665,jokerace8,,0x7B15427393A98A041D00b50254A0C7a6fDC79F4E,0x64fa7284E554e6741c45E72651bcd46261091cA4,polygon,jokevote,2022-04-08 16:00:00+00
48,2022-08-02 15:33:54.977+00,2022-04-06 16:30:00+00,2022-04-07 21:00:00+00,0xbD83CC24c53ba11D56eDD77B9D53ecdeE1F1b853,cowfund cowhat cowntest,,0xceF8EB6DA8D9a42195f7ad992eCCE807491FD401,0xceb4633F7d17b015c0A0b824d6165e4585Db000d,polygon,COW,2022-04-07 17:00:00+00
49,2022-08-02 15:34:40.128+00,2022-04-02 01:45:30+00,2022-04-08 01:45:30+00,0x04aeb9f0ece680e2736d14a8e5417275af1b0ded,Joke is no joke at all,,0xf7253A0E87E39d2cD6365919D4a3D56D431D0041,0x50CcAC5086bBf60d994cbFE92c13E288AdAa5D5C,polygon,NOJO,2022-04-07 01:45:30+00
50,2022-08-02 19:58:21.088+00,2022-08-02 20:00:00+00,2022-08-02 20:10:00+00,0xd3eC630A5F86b45418db169fA0AA96283e9925DD,ЯКА ПРОБЛЕМА ПОТРЕБУЄ ПЕРШОЧЕРГОВОГО ВИРІШЕННЯ?,,0x48bCbB128d94896573113dcf428E779014E864Cd,0x63182ce8Ac476c028B6a027f99047160FEfF4036,polygon,W3CK,2022-08-02 20:05:00+00
51,2022-08-03 12:19:44.928+00,2022-08-03 12:27:00+00,2022-12-31 12:18:00+00,0x52127978D4567c862cdFc7ba82Ef9823Bff1AB65,wt?,,0x2d9E673D1Cc5b2618025F43659788FdFCF8D9931,0x77Fab6d5c3dD8aD6120FBef432C9a72C921522E6,polygon,FFNB,2022-10-14 12:17:00+00
52,2022-08-03 12:48:02.935+00,2022-08-03 12:55:00+00,2022-08-29 16:00:00+00,0x71D3854a47d1BfBeC4CdE8b11EE485F259847672,BNB  Chain,,0x18C57894c5cCBB86a175c3576e4696Df9c0A2D63,0xfe796bA5e0ea4AE3ec57947aF1B40C15f29515C0,polygon,BCB,2022-08-03 16:00:00+00
53,2022-08-03 12:55:32.994+00,2022-08-03 13:05:00+00,2022-08-05 13:55:00+00,0x200582A0a7Ea4EEBa65E9Fa19DE7842160E926D8,NBESSAY,,0x642d38840ebFDA55911F83B1Cf8b5FCB1D5fce36,0x8FcEb4686F04284390F816A866804d7c8a7bfb3C,polygon,NBESSAY,2022-08-03 13:55:00+00
54,2022-08-03 13:32:20.945+00,2022-08-03 13:41:00+00,2022-08-31 13:31:00+00,0x2cd7E585cE87de498165b491B0fB470dD1452fC4,Airdrop for every Hunter,,0xbD23497f0BFf23FBeEA70Cd14D923Ed08c5e480F,0x880b811cbC9a5aA332fAa3D2Dce99617c15b7ff1,polygon,ADC,2022-08-03 14:31:00+00
55,2022-08-03 13:38:32.808+00,2022-08-03 13:47:00+00,2022-08-13 13:38:00+00,0x1d9c02c98Dd0DdF690f2efc593D7ad130CB29fAA,LOVE,,0x437f40EFdddFd6c63c90504d3Df97F9c8326d25A,0x6aB5475914e7c8273a373b4498Feb8eE5FD1d5C4,polygon,LOVE,2022-08-03 15:37:00+00
56,2022-08-03 13:45:01.471+00,2022-08-03 14:00:00+00,2022-08-30 16:00:00+00,0x9188e857B6AfFDe5E3ACaFB8026034460322e552,entertainment,,0x2744a205b3a599508295e53d0290b949104d57F4,0x9597fDd68F7E80552C462354aFA4aa2905Ebc5E0,polygon,SAOGE,2022-08-03 14:01:00+00
57,2022-08-03 15:41:23.674+00,2022-08-03 15:48:00+00,2022-08-31 15:40:00+00,0x89e16B2B7689095e189960ec82D51d2620f31dbF,fans of curry,,0x9261624d3EFef21f36c13cE12EA01E951dFB20Bc,0x6aaE388aeC02DEaDbdb27318a41A6E9E06b64526,polygon,curry,2022-08-05 15:50:00+00
58,2022-08-03 15:57:03.706+00,2022-08-03 16:00:00+00,2022-08-31 15:57:00+00,0xB77948FaB19d1ba45044f40E8fB1e0b8B18D78e0,BCC DAO,,0x98567BD08fD9b8D4f06a7Bdc10c1dD31dc9Bdc35,0x6cD425c129E0Ee1c95C2f5330e3B7005920Cad69,polygon,BCC,2022-08-03 16:01:00+00
59,2022-08-03 16:08:50.837+00,2022-08-03 16:16:00+00,2022-08-09 16:08:00+00,0x4c67fB681a1F6C4B00da4f2ACbC706288FB7abEb,BCC,,0x98567BD08fD9b8D4f06a7Bdc10c1dD31dc9Bdc35,0x6cD425c129E0Ee1c95C2f5330e3B7005920Cad69,polygon,BCC,2022-08-03 16:38:00+00
60,2022-08-03 16:20:57.986+00,2022-08-04 16:28:00+00,2022-08-06 16:20:00+00,0x13E496D3A54E01f1d0bD109Cb638Cbbed90C886a,Exercise 1000 meters a day,,0xacd7764F2883E7e84f41a2C07efF0d548D0e45E6,0xf7897bb07533efedA96dB012B393aCFEb969ee41,polygon,DUN,2022-08-05 16:20:00+00
61,2022-08-03 16:28:27.013+00,2022-08-04 16:36:00+00,2022-08-08 04:00:00+00,0x951F62Bf2236666830396cF22AF79616B7e899a4,WEB3.0 Forecast,,0xcaFd650401708ca4f65a22340D07f78E18f8C332,0x547d7682354022A1e586af3c3C8c5509a626d238,polygon,LLHG,2022-08-04 17:00:00+00
62,2022-08-03 16:31:24.418+00,2022-08-03 16:37:00+00,2022-08-10 16:30:00+00,0x2209E51a49bc039cFB73D7836c800be4f15cE4e1,Governance Phase 1 - Qi Dao,,0x416365993481e52e0472e7417656276d4E147A00,0x88716121AaA1e2523260Fd5db67BA27CFe6447f8,polygon,ens,2022-08-03 17:29:00+00
63,2022-08-03 18:21:12.766+00,2022-08-03 18:30:00+00,2022-08-13 18:20:00+00,0x971367F440bD8F4C4CdE48a9918363c4440B46FF,fgte,,0xAf4F9Aa4A83133Ae981b5AfeDA7d764621C5FAe6,0x6A7f03652dd495382920C3eD9227fF583EC32147,polygon,serb,2022-08-04 18:20:00+00
64,2022-08-04 00:27:28.833+00,2022-08-04 00:34:00+00,2022-09-13 21:20:00+00,0xA7d22638b8e34ea415d2b0BEa2e8b21442e2a621,Test Contest for ppl who are clueless about contests,,0x5078110476Cd2Aa096160F2D988aE80aEaFB5Ae4,0xC1A07D12DC0163023E1d438966B38760df1f939f,polygon,CLUELESS,2022-09-06 23:09:00+00
65,2022-08-04 01:41:44.289+00,2022-08-04 01:50:00+00,2022-08-11 02:00:00+00,0x4b825164D276faB615eFf3a5634E4B2f80575EC6,"In the next bull market, can btc reach the price of 10w USDT?",,0x96fD87D68eC259035604230D0c4dFE9a3d66066A,0x33dCf4895C367e0795EE404183a1D46f4F513aD8,polygon,JYM,2022-08-04 02:00:00+00
66,2022-08-04 02:11:18.365+00,2022-08-04 02:16:00+00,2022-09-04 08:00:00+00,0xa849820E30bBFCEDf9a208597Fb9B440cfB00A0F,Update Rules of the Solver Competition,,0x8728C811F93Eb6AC47D375E6a62dF552d62ed284,0x6CC09F52B39cf430c356A18C018c99251E6594Cf,polygon,yuvc,2022-08-04 08:00:00+00
67,2022-08-04 02:14:02.31+00,2022-08-04 02:21:00+00,2022-08-05 03:12:00+00,0xaB56FdcAEa753e922FE558ee22ed6092ECd9E897,IBC or Brigde?,,0x1ccb144B700EC726d37Db38c617E154De6d9c0d0,0xFC9a0FD64f098335E1A6330526D1c6ec2B0e9EF1,polygon,NBESSAY,2022-08-04 03:12:00+00
68,2022-08-04 07:32:01.488+00,2022-08-04 07:40:00+00,2022-11-05 07:31:00+00,0xe0a0Ad36cE28883A3FdD44bB5060adDB5500029f,okl,,0x6ea24f3cDDDF5B88F90B73A2d7df7ad9C0f9BEC4,0x691c81587Af2d32BC51418Ba3c5709aA28FF8d99,polygon,kkn,2022-08-18 10:31:00+00
69,2022-08-04 09:16:56.377+00,2022-08-04 09:26:00+00,2022-08-20 09:16:00+00,0xdC881B9fb30249e5024D1fDf872EB18fE2C81089,are you crazy?,,0xE21F83B5AEEe7CD5548E70348F86ABb0C80e283e,0x39dB03Cd50A3C72DD92307DcFc0A6975518D8e16,polygon,crazy,2022-08-05 09:16:00+00
70,2022-08-04 09:50:21.752+00,2022-08-18 21:59:00+00,2022-09-03 09:48:00+00,0x4B74A487C38647E875A3914a3c5EefB74023Cb99,Muhabbitteki en sacma kullaniciyi ve neden onu sectiginizi belirtiniz. ,,0xF7cE58161AC63bc3926C9C605A3bC9062691E25c,0xD0821246D34EE1327CD6009f0a9D3FE61c69a902,polygon,MTCF,2022-08-20 09:48:00+00
71,2022-08-04 10:16:40.813+00,2022-08-04 10:17:00+00,2022-08-04 11:25:00+00,0x58b1DEB5c39b835114D2Cc469e7CD86084a248aB,Test for OGs,,0xc3177BC4a013bdE39419f7108fad6f82567CA568,0x2dCA330C62094C2bFe5A65e61BF7471D505a1e86,polygon,MTCC,2022-08-04 10:18:00+00
72,2022-08-04 12:38:45.681+00,2022-08-04 12:40:00+00,2022-08-05 16:30:00+00,0x1716Cf952dcD939b8Ad50f98c39918d2d762c96b,jokerace 23: aave edition,,0x7B15427393A98A041D00b50254A0C7a6fDC79F4E,0x2e797eF63e79956C8746480f61026F73d4821501,polygon,joke23,2022-08-05 16:00:00+00
73,2022-08-04 14:08:50.192+00,2022-08-04 14:10:00+00,2022-08-07 16:00:00+00,0x691A0D45e68E84125fD66b65f0af24C0023f6482,"Can Bitcoin reach 25,000?",,0x2d9E673D1Cc5b2618025F43659788FdFCF8D9931,0xCe9776F6D3dbbe2625075ADEB1090D13A355963C,polygon,FeiFei,2022-08-04 14:11:00+00
74,2022-08-04 14:46:13.887+00,2022-08-04 14:55:00+00,2022-09-09 18:49:00+00,0x20FFE26C993a0160b4E912859D120088fb61e5e7,fff,,0x695455e634642a2bDbD681923782C55fFb1f2127,0xed19cAAe9630Fa0d069683dfa881c5b99668532D,polygon,DOLLY,2022-08-05 18:49:00+00
75,2022-08-04 14:48:36.976+00,2022-08-04 14:55:00+00,2022-08-05 14:48:00+00,0x18Bc5F6C68bc3Aa87C6EEF95Fa56A29431d3533B,Did you get a room for Chinese Valentine's Day,,0xEC3d3b8C12FF13854D11a5d105F678fa4B2F80D9,0xf87016d34844a3292bd457cd81fb3ec5b57aefdd,polygon,axib2,2022-08-04 14:56:00+00
76,2022-08-04 14:51:15.366+00,2022-08-04 15:00:00+00,2022-08-05 14:50:00+00,0x65EE79CAAfC73D9e9d8e2D31994779fB00BFf41a,Did you get a room for Chinese Valentine's Day,,0xEC3d3b8C12FF13854D11a5d105F678fa4B2F80D9,0xf87016d34844a3292bd457cd81fb3ec5b57aefdd,polygon,axib2,2022-08-04 15:01:00+00
77,2022-08-04 15:05:55.518+00,2022-08-04 15:14:00+00,2022-08-05 15:05:00+00,0x21660AB71904fe77219c438f9FCeFaAA14C691ff,Tired really tm!!!,,0xEC3d3b8C12FF13854D11a5d105F678fa4B2F80D9,0x89Fcba59662Ef5e4b3c328a98012E59dC93A7bc5,polygon,du,2022-08-04 15:16:00+00
78,2022-08-04 15:52:13.396+00,2022-08-04 16:00:00+00,2022-10-04 16:00:00+00,0x6AAf9c03A4E3d9680452435A069811fcFCD76d24,Airdrop for RobotDao,,0x2CCed186C0B172443884B0dAe52695e847EE010d,0x6111D006603B7D24588259ad71CaDaDe8719cf49,polygon,robot,2022-08-04 16:01:00+00
79,2022-08-04 17:01:14.732+00,2022-08-04 17:07:00+00,2022-08-18 17:00:00+00,0x9Bd9B4795a6dAe577d3B274B6d1CCcDa1c821D50,Create original art for DAO fundraising project.,,0xBA6dbb885926d4cDD82B99dd711239a9e36CCc3a,0x5cb2d463c114fb058dEb071eCE74FE1b027513AB,polygon,TBFJDAO,2022-08-11 17:00:00+00
80,2022-08-05 03:44:41.919+00,2022-08-05 03:54:00+00,2022-09-02 06:44:00+00,0x2892A6993e35Cb2dc24f6205Dc6bF4F227eF81E3,test,,0x8781eF9d4Ec71bBF965980E6C7649c8fc09DB28b,0x454ca0A7A1B83709EaDeD7B93Af535031B37d722,polygon,t,2022-08-11 22:44:00+00
81,2022-08-05 08:40:55.562+00,2022-08-05 08:45:00+00,2022-08-09 08:39:00+00,0x4ce325aE9C45AA07ba7466D7a8EA4c8cB2217bd7,What should be the text for the Pulse survey?,,0x8B580433568E521ad351b92b98150c0C65ce69B7,0x050B9a9A367919a5E2F0AaDF02E9491debc1346E,goerli,CHtestT,2022-08-08 08:39:00+00
82,2022-08-06 06:26:09.003+00,2022-08-06 06:20:00+00,2022-08-06 07:30:00+00,0xfBD812f6A17983654cF3b9B7d69f8Eb042964386,Test Contest,,0xF68B75C16B140EF5258132999E2B9692ECbcf819,0x24ccB9A51Ff4A6A53c7cFAa3505d33757AD979f1,ropsten,test,2022-08-06 06:30:00+00
83,2022-08-07 11:19:31.807+00,2022-08-07 11:27:00+00,2022-08-14 12:00:00+00,0x1be62fDB112e8B0E51b7D1437d8847E97C7c520a,ENS will be to the 100$ right?,,0x3082f27581a2449268a14aF56D810cACD9984EC1,0x9aa2bb1ee75ea36232d51005d1f3eb96024fc53a,polygon,SENS,2022-08-08 12:00:00+00
84,2022-08-10 03:39:32.624+00,2022-08-10 03:44:00+00,2022-08-17 17:00:00+00,0x8945975041E930f37b15fe4467710a393A5fa87f,Which guests would you like to hear on Season 3 of Rehash: A Web3 Podcast?,,0xcEd09CCFc82b091195bdE04E6Cd65374518E7b95,0xB121834BC65bEAab2A79fE7C39efd2D0816b7007,ethereum,HASHS3,2022-08-10 17:00:00+00
85,2022-08-10 04:33:19.878+00,2022-08-10 04:32:00+00,2022-08-17 17:00:00+00,0x2bd5ec55DDA12B88F80e369b528dB58E8754D099,Which guests would you like to hear on Season 3 of Rehash: A Web3 Podcast?,,0xcEd09CCFc82b091195bdE04E6Cd65374518E7b95,0x41e89099dF45FE89d0a5A53969F36FaC6B85886c,polygon,PODVOT3,2022-08-10 17:00:00+00
86,2022-08-11 09:18:34.677+00,2022-08-11 09:26:00+00,2022-08-12 16:30:00+00,0x1386d685AB184Db898afE519e94f5C3C5990436F,jokerace 24: guild edition,,0x7B15427393A98A041D00b50254A0C7a6fDC79F4E,0x14E32b08cCf9A2E7906187Db72Cbc6f00A39Ad3a,polygon,joke24,2022-08-12 16:00:00+00
87,2022-08-11 21:09:11.868+00,2022-08-11 21:10:00+00,2022-08-13 21:08:00+00,0xb04EBD9f74bEBa9D29406205269f7205a0bCDc9d,testgif,,0x5b45e296C06ab3dAD836BCBc0fBd7a4b75b83C02,0x26198ded28cf36f96a7ae5f9efa29d19434da42d,polygon,test,2022-08-12 21:08:00+00
88,2022-08-13 05:48:38.516+00,2022-08-17 05:57:00+00,2022-08-31 05:48:00+00,0x0D1A95a00071C7b2A7fba837023d74b27585b78C,Up and coming DAO Talk podcast guest,,0x226F6423E97BCD17548d7420BA9Ff7f300C2d74d,0x0Ff61384763Ec1663602B33e4E5Fe8cfEe2D0a12,polygon,DT,2022-08-24 05:48:00+00
89,2022-08-16 14:19:46.929+00,2022-08-16 14:26:00+00,2022-08-17 02:30:00+00,0x7d90175EBEF76411123dAc36EB429337cc8Db043,Super hero contest,,0xFf4eC2057A4180A4Cd18FDEA144e53245e39869D,0x7CB31e55f4DDeaB82F85c76D5ee4474582a38730,polygon,WWC,2022-08-16 14:30:00+00
90,2022-08-16 14:42:58.946+00,2022-08-16 14:50:00+00,2022-08-20 15:00:00+00,0xe8354425f3da2c6a4cC0295a5A10884B9Dc1797b,Meme Contest ,,0x71c199C366625329064df3d08191CDC0e85AC2eA,0xC05d16754639Bae83105A591A893DcD039dBF4b6,polygon,L3MEMETEST,2022-08-16 15:00:00+00
91,2022-08-16 21:20:07.737+00,2022-08-16 21:29:00+00,2022-08-18 21:19:00+00,0xeDC5a1D386E1aC56aa80cB0A541EC1Bb6095491f,test,,0x5b45e296C06ab3dAD836BCBc0fBd7a4b75b83C02,0xf3597FC2C2BA148f5DCdEA71606651682BD15FB4,polygon,jbx8-16th,2022-08-17 21:19:00+00
92,2022-08-16 21:26:59.309+00,2022-08-16 21:20:00+00,2022-08-16 21:46:00+00,0xE94CF9bc0084a5971c00dD995Dc68F480fA32FFD,test2,,0x5b45e296C06ab3dAD836BCBc0fBd7a4b75b83C02,0xf3597FC2C2BA148f5DCdEA71606651682BD15FB4,polygon,jbx8-16th,2022-08-16 21:30:00+00
93,2022-08-16 22:10:49.104+00,2022-08-16 22:00:00+00,2022-08-16 22:20:00+00,0xa0C344C10DA2736abCE854438a82931ea387585C,Juicebox Town Hall 8-16-22,,0xc109636a2b47f8b290cc134dd446Fcd7d7e0cC94,0xf3597FC2C2BA148f5DCdEA71606651682BD15FB4,polygon,jbx8-16th,2022-08-16 22:15:00+00
94,2022-08-18 00:02:33.133+00,2022-08-18 00:02:00+00,2022-08-18 11:55:00+00,0x645B86C58a449969Cc46531a4Bc9098B25c29586,ЯКА ПРОБЛЕМА ПОТРЕБУЄ ПЕРШОЧЕРГОВОГО ВИРІШЕННЯ?,,0x48bCbB128d94896573113dcf428E779014E864Cd,0x63182ce8Ac476c028B6a027f99047160FEfF4036,polygon,W3CK,2022-08-18 09:55:00+00
95,2022-08-18 02:16:53.982+00,2022-08-18 02:20:00+00,2022-08-18 02:30:00+00,0x93337D59C1019130E60F4e02C9535d32bB2DDea0,Demo Contest,,0x5952788924bF35B85d2BAA9509349baaF3159cD7,0xFD34B3c360Af5D37027B4489825Ef792C0C4d5BC,polygon,CT,2022-08-18 02:25:00+00
96,2022-08-18 06:10:32.13+00,2022-08-24 18:00:00+00,2022-09-07 18:00:00+00,0xaCc8544B4a980277ff1bAdd83ca3b48d48b4aC19,DAO Talk Podcast Guests,,0x226F6423E97BCD17548d7420BA9Ff7f300C2d74d,0xCaad94c6AcDb47375e9AE87309B9E1C751189e98,polygon,DAOTALK,2022-08-31 18:00:00+00
97,2022-08-18 13:42:46.832+00,2022-08-18 13:50:00+00,2022-08-19 16:30:00+00,0x0fda1e89f5242EEeAeC706e4F90009a4EC4EDCE1,jokerace 25: bankless edition,,0x7B15427393A98A041D00b50254A0C7a6fDC79F4E,0x25A72D61ED7f204C43cE998cDD940fd5BC542A2C,polygon,joke25,2022-08-19 16:00:00+00
98,2022-08-18 14:17:39.912+00,2022-08-18 14:20:00+00,2022-08-18 17:00:00+00,0x3582850a691554cBDaaF04b9ec674c690758A870,glf22 elevator music,,0x7B15427393A98A041D00b50254A0C7a6fDC79F4E,0xFF7D9BB590BDec51a1c168aDE47998d4e0a23b0F,polygon,glf,2022-08-18 16:00:00+00
99,2022-08-18 19:51:14.831+00,2022-08-20 20:00:00+00,2022-08-21 01:00:00+00,0x31911FFD8C2a25307C75712AeC8244547D15E383,FORMING VOL.2 - BEST DRESSED,,0xD30a79E487351Eb0064c8a78eb341DA364d78a9a,0xB141d63dAb624376e3d6720F79A11BCC18f44C4D,polygon,CARPET,2022-08-20 23:00:00+00
100,2022-08-19 09:13:52.261+00,2022-08-19 09:20:00+00,2022-08-19 12:00:00+00,0x6603d96a92fd8cA9256298B710B897c5781083F8,ЯКА ПРОБЛЕМА ПОТРЕБУЄ ПЕРШОЧЕРГОВОГО ВИРІШЕННЯ?,,0x48bCbB128d94896573113dcf428E779014E864Cd,0x63182ce8Ac476c028B6a027f99047160FEfF4036,polygon,W3CK,2022-08-19 10:45:00+00
101,2022-08-19 14:34:21.62+00,2022-08-19 12:20:00+00,2022-08-19 16:33:00+00,0x5ba90E7Db81Abf44A81169176A710D070eda754f,ЯКА ПРОБЛЕМА ПОТРЕБУЄ ПЕРШОЧЕРГОВОГО ВИРІШЕННЯ?,,0x48bCbB128d94896573113dcf428E779014E864Cd,0x63182ce8Ac476c028B6a027f99047160FEfF4036,polygon,W3CK,2022-08-19 15:15:00+00
102,2022-08-23 07:47:47.751+00,2022-08-23 07:56:00+00,2022-08-23 09:10:00+00,0xfA825a4a76eC43bEb7C29c1e63Ae52D83F512402,What should we do in the next three month?,,0x4f62c4228f50875A2f3BE0921c4C2c41029A8BAe,0xA9AaD0653429fb7EeC3849aAd3d829359Ab34Aa7,polygon,PrioCoinTe,2022-08-23 08:46:00+00
103,2022-08-23 07:53:24.64+00,2022-08-23 22:30:00+00,2022-08-23 22:57:00+00,0x55cd413Ddf966b7BF07053B73A33f5A703f857aE,Banny Drawing Contest,,0x0CF18D21209Ef4D0e603E15fb51c8a6d6Cb49C6D,0xE2fdaFF1D3c72fcaB16aCA3e6daF6dbA70041DA5,polygon,JBDRAW,2022-08-23 22:50:00+00
104,2022-08-23 16:29:51.239+00,2022-08-23 16:36:00+00,2022-09-01 03:59:00+00,0x258d70806E758d0631Fe448022df8cc9E4EA1590,GM HOUSE ZINE #1,,0xC322E8Ec33e9b0a34c7cD185C616087D9842ad50,0xE6f619d824742032a21706814A98b243b4c6C5F4,polygon,ZINE,2022-08-30 03:59:00+00
105,2022-08-23 16:48:49.56+00,2022-08-24 15:00:00+00,2022-09-03 15:00:00+00,0xbDe2bca1AC56640C69514DA86e55ce0Eb75968EF,100TM x JB investment contest!,,0x598aF4dB1Ed4EE0F1c41b8B0104ECe89526499bd,0x96888Fd4B60c50B0C8fE23C88c0A490D8622638B,polygon,HTM,2022-09-01 15:00:00+00
106,2022-08-23 16:52:36.276+00,2022-08-23 16:55:00+00,2022-08-25 17:00:00+00,0x7eC1b7038c693835C39953b2968574080c5e3e85,"GM ZINE, WTF DO WE CALL IT?",,0xC322E8Ec33e9b0a34c7cD185C616087D9842ad50,0x68577a09EdE326952AE7ccDDF26c928d5ef6671A,polygon,ZINE,2022-08-24 17:00:00+00
107,2022-08-24 09:39:15.303+00,2022-08-24 09:44:00+00,2022-08-25 19:00:00+00,0x07100a22bdb367BC8B955F0FbDa7dB2c90BCF7C9,Think Tank Friday Focus,,0x874eAFdfe998508D79e47CA5D321De11CD438372,0xC3385e777D6ab3E6aDf66D5df1D17A925533eB9A,polygon,TTC,2022-08-25 09:00:00+00
108,2022-08-24 17:55:09.968+00,2022-08-24 18:00:00+00,2022-08-25 18:00:00+00,0x6e56ec29D771FfffA47d74110cCD2fe3b8bB268B,"GM ZINE, WTF DO WE CALL IT (TAKE TWO)?",,0x09dD35BbF83e64E90F998e54C9D0ecB9B0E614B5,0x1f79e5Fdcef872E2D15d81c030970dF5c36054FA,polygon,ZINE,2022-08-24 18:10:00+00
109,2022-08-24 18:43:09.602+00,2022-08-24 18:45:00+00,2022-08-25 19:30:00+00,0xe401Fe3A8CF4825E88257765E1dE04096108F26C,"GM ZINE, WTF DO WE CALL IT (TAKE THREE)?",,0x09dD35BbF83e64E90F998e54C9D0ecB9B0E614B5,0x1f79e5Fdcef872E2D15d81c030970dF5c36054FA,polygon,ZINE,2022-08-24 19:30:00+00
110,2022-08-25 01:51:22.848+00,2022-08-29 04:00:00+00,2022-08-30 22:50:00+00,0xEB74De65d3614713B5b625C360eE2E940f814d3C,Banny Drawing Contest #1,,0x6877be9E00d0bc5886c28419901E8cC98C1c2739,0xC675b24D012999c4F755f6dbeC49598A7Dc286a1,polygon,JBDRAW,2022-08-30 22:00:00+00
111,2022-08-25 17:24:07.926+00,2022-08-25 17:25:00+00,2022-08-26 16:30:00+00,0x90E63E19d64f4CBd92ceD44af0572AA6ee25CC53,jokerace 25: sports edition,,0x7B15427393A98A041D00b50254A0C7a6fDC79F4E,0x61f8b5f04bB9F9Ae15F9476f7a5eC8604188FB07,polygon,joke26,2022-08-26 16:00:00+00
112,2022-08-26 07:33:34.694+00,2022-08-26 07:40:00+00,2022-09-01 12:00:00+00,0xc932B40736847d95F763e7DB88983895b50e2015,Find the bestest Mission Statement for Flipside Governance ,,0xaeE6b099f09142f95d0680C379c82C0A3D306a64,0x2a308feF919569Ea44c1EcEd2BFD08E7EB5C7C38,polygon,GOVSTRNG,2022-08-30 22:00:00+00
113,2022-08-26 16:14:23.329+00,2022-08-29 08:00:00+00,2022-09-01 17:00:00+00,0x21f65ea9ccf8c7095bb7e7b09fe4be860731e9eb,Think Tank Friday Focus,,0x874eAFdfe998508D79e47CA5D321De11CD438372,0xFc6ac5bc41DA598C55Dc3850FCD4e49D521D43D2,polygon,TTT,2022-08-31 19:00:00+00
114,2022-08-27 02:48:10.15+00,2022-08-27 02:52:00+00,2022-08-28 02:00:00+00,0x9Dc2523A2c350635af591122A2E09251767302E3,Your favorite piece of HEAVXN?,,0xD30a79E487351Eb0064c8a78eb341DA364d78a9a,0xC7308C00625BB6FD1601a84624E150b8C52764B0,polygon,VXTE,2022-08-27 22:45:00+00
115,2022-08-29 00:40:02.404+00,2022-08-29 00:47:00+00,2022-09-05 06:00:00+00,0x2Cc6A6D470CBa96433c943877F6e56304e2dC2fb,Smells like Phish,,0x5dC70A9b884f78Ee030a8c6ad3b3b7dc10Bbe7f4,0xc09287d0837e22495d0F97e3264af7E2d36700Ea,polygon,PHISH,2022-08-29 01:00:00+00
116,2022-08-29 01:21:14.92+00,2022-08-29 01:29:00+00,2022-09-05 06:00:00+00,0x078Ad853E6fB00e96D5466d11F8DB6816cadED58,SMELLS LIKE PHISH,,0x5dC70A9b884f78Ee030a8c6ad3b3b7dc10Bbe7f4,0xc09287d0837e22495d0F97e3264af7E2d36700Ea,polygon,PHISH,2022-09-03 04:00:00+00
117,2022-08-29 01:43:34.387+00,2022-08-30 18:00:00+00,2022-09-03 00:00:00+00,0x0147582070FE35c0b18b4b247DD12d184fe0DBb9,Which topic should Eliot cover in his next essay?,,0xC0241e384dB48C35E7b3FEded3BfEcd29A3E73e3,0xB83a45Bbb5699ae47B39c32B20A145b28B446fCa,polygon,ELIOT,2022-08-31 18:00:00+00
118,2022-08-29 16:03:42.505+00,2022-08-29 17:00:00+00,2022-08-30 23:00:00+00,0x5165B4a0b7A49601Ec588196B5c83D04E70E58B2,Banny Drawing Contest #1,,0x0CF18D21209Ef4D0e603E15fb51c8a6d6Cb49C6D,0x32317467633256538290c5d68124Cc9D14E0153c,polygon,JBDRAW,2022-08-30 22:50:00+00
119,2022-08-29 17:23:51.981+00,2022-08-29 15:00:00+00,2022-09-10 16:00:00+00,0x14685ae3425b4F00E8f7A392eF2E7ef25CF702D7,100TM investment contest - EXTENDED!,,0x598aF4dB1Ed4EE0F1c41b8B0104ECe89526499bd,0x708447a539B06449C967127d5bAb98c8fe5F2bAc,polygon,HTM,2022-09-08 15:00:00+00
120,2022-08-29 20:33:50.377+00,2022-08-29 20:43:00+00,2022-08-31 20:33:00+00,0x0a05EC0464AcD9d2877b40a5eD1B77e999Afd70F,For the height challenged,,0xe7A91167c495D881A58b56e780Bd6B1F51A3500e,0x2b0d073482eD4eE12AB276Cc61B68B109f3BAF30,optimism,CTT,2022-08-29 23:33:00+00
121,2022-08-30 16:36:09.264+00,2022-08-30 16:40:00+00,2022-09-02 16:00:00+00,0x6064D8319D03F57608061F2a0198f6E7C0eC1DC8,daonft,,0x23fB34F91Ce9Dc6D8B0051BAaba39C16a1352222,0xFCf5DC405d7FB5e58275Df06CF508E143Dd3fb3e,polygon,dnft,2022-08-31 16:00:00+00
122,2022-08-30 17:25:48.524+00,2022-08-30 17:34:00+00,2022-09-06 23:07:00+00,0xEB81aeD8770DB7D16DB84127Ee3bF847d3A81085,777Club MemberDrop,,0x3E2D88203FBa1D1626B93fAb2848bCe2eCBA2E59,0x3AC6C73255816D28C0DD870df23482a474020914,polygon,777,2022-08-30 23:07:00+00